name,total,percent,code
Australia,5034,0.0124223602484,AUS
Canada,121,0.0226525392766,CAN
Egypt,1100,0.00474972597735,EGY
India,610,0.0255754475703,IND
South Africa,18,0.00657654366094,ZAF
United States,820,0.388746803069,USA
